<domainlist>

    <domainitem>
        <domain>0clickemail.com</domain>
        <lastupdate>1287603004</lastupdate>
    </domainitem>

    <domainitem>
        <domain>noclickemail.com</domain>
        <lastupdate>1314121472</lastupdate>
    </domainitem>

    <domainitem>
        <domain>10minutemail.com</domain>
        <lastupdate>1385720934</lastupdate>
    </domainitem>

    <domainitem>
        <domain>bofthew.com</domain>
        <lastupdate>1296579092</lastupdate>
    </domainitem>

    <domainitem>
        <domain>drdrb.com</domain>
        <lastupdate>1378119610</lastupdate>
    </domainitem>

    <domainitem>
        <domain>drdrb.net</domain>
        <lastupdate>1397472084</lastupdate>
    </domainitem>

    <domainitem>
        <domain>jnxjn.com</domain>
        <lastupdate>1300446583</lastupdate>
    </domainitem>

    <domainitem>
        <domain>klzlk.com</domain>
        <lastupdate>1305156482</lastupdate>
    </domainitem>

    <domainitem>
        <domain>nepwk.com</domain>
        <lastupdate>1314121384</lastupdate>
    </domainitem>

    <domainitem>
        <domain>nwldx.com</domain>
        <lastupdate>1323694325</lastupdate>
    </domainitem>

    <domainitem>
        <domain>owlpic.com</domain>
        <lastupdate>1303739757</lastupdate>
    </domainitem>

    <domainitem>
        <domain>pjjkp.com</domain>
        <lastupdate>1296010175</lastupdate>
    </domainitem>

    <domainitem>
        <domain>prtnx.com</domain>
        <lastupdate>1289862521</lastupdate>
    </domainitem>

    <domainitem>
        <domain>rmqkr.net</domain>
        <lastupdate>1354531053</lastupdate>
    </domainitem>

    <domainitem>
        <domain>rppkn.com</domain>
        <lastupdate>1331556296</lastupdate>
    </domainitem>

    <domainitem>
        <domain>rtrtr.com</domain>
        <lastupdate>1337385115</lastupdate>
    </domainitem>

    <domainitem>
        <domain>trbvm.com</domain>
        <lastupdate>1407405144</lastupdate>
    </domainitem>

    <domainitem>
        <domain>tyldd.com</domain>
        <lastupdate>1251728375</lastupdate>
    </domainitem>

    <domainitem>
        <domain>uggsrock.com</domain>
        <lastupdate>1261508733</lastupdate>
    </domainitem>

    <domainitem>
        <domain>10minutemail.net</domain>
        <lastupdate>1361950902</lastupdate>
    </domainitem>

    <domainitem>
        <domain>akerd.com</domain>
        <lastupdate>1374141362</lastupdate>
    </domainitem>

    <domainitem>
        <domain>soisz.com</domain>
        <lastupdate>1416826101</lastupdate>
    </domainitem>

    <domainitem>
        <domain>zoaxe.com</domain>
        <lastupdate>1361950837</lastupdate>
    </domainitem>

    <domainitem>
        <domain>12houremail.com</domain>
        <lastupdate>1333111144</lastupdate>
    </domainitem>

    <domainitem>
        <domain>12minutemail.com</domain>
        <lastupdate>1333111134</lastupdate>
    </domainitem>

    <domainitem>
        <domain>1pad.de</domain>
        <lastupdate>1327070979</lastupdate>
    </domainitem>

    <domainitem>
        <domain>20minutemail.com</domain>
        <lastupdate>1374528875</lastupdate>
    </domainitem>

    <domainitem>
        <domain>30minutenmail.eu</domain>
        <lastupdate>1374528838</lastupdate>
    </domainitem>

    <domainitem>
        <domain>5ymail.com</domain>
        <lastupdate>1394101790</lastupdate>
    </domainitem>

    <domainitem>
        <domain>60-minuten-mail.de</domain>
        <lastupdate>1380188247</lastupdate>
    </domainitem>

    <domainitem>
        <domain>akapost.com</domain>
        <lastupdate>1287603104</lastupdate>
    </domainitem>

    <domainitem>
        <domain>anon-mail.de</domain>
        <lastupdate>1287603181</lastupdate>
    </domainitem>

    <domainitem>
        <domain>anonbox.net</domain>
        <lastupdate>1287603130</lastupdate>
    </domainitem>

    <domainitem>
        <domain>anonmails.de</domain>
        <lastupdate>1315827188</lastupdate>
    </domainitem>

    <domainitem>
        <domain>anonymbox.com</domain>
        <lastupdate>1251728061</lastupdate>
    </domainitem>

    <domainitem>
        <domain>anonymous-email.net</domain>
        <lastupdate>1394101818</lastupdate>
    </domainitem>

    <domainitem>
        <domain>anonymousfeedback.net</domain>
        <lastupdate>1394101854</lastupdate>
    </domainitem>

    <domainitem>
        <domain>antispam.de</domain>
        <lastupdate>1287603354</lastupdate>
    </domainitem>

    <domainitem>
        <domain>antispam24.de</domain>
        <lastupdate>1287603391</lastupdate>
    </domainitem>

    <domainitem>
        <domain>antispammail.de</domain>
        <lastupdate>1325862168</lastupdate>
    </domainitem>

    <domainitem>
        <domain>b2cmail.de</domain>
        <lastupdate>1287603418</lastupdate>
    </domainitem>

    <domainitem>
        <domain>breakthru.com</domain>
        <lastupdate>1310940043</lastupdate>
    </domainitem>

    <domainitem>
        <domain>bspamfree.org</domain>
        <lastupdate>1314183312</lastupdate>
    </domainitem>

    <domainitem>
        <domain>bugmenot.com</domain>
        <lastupdate>1310940126</lastupdate>
    </domainitem>

    <domainitem>
        <domain>bumpymail.com</domain>
        <lastupdate>1310940214</lastupdate>
    </domainitem>

    <domainitem>
        <domain>byom.de</domain>
        <lastupdate>1372062048</lastupdate>
    </domainitem>

    <domainitem>
        <domain>trashmail.org</domain>
        <lastupdate>1368735010</lastupdate>
    </domainitem>

    <domainitem>
        <domain>vermutlich.net</domain>
        <lastupdate>1425984661</lastupdate>
    </domainitem>

    <domainitem>
        <domain>wegwerf-email.at</domain>
        <lastupdate>1425984644</lastupdate>
    </domainitem>

    <domainitem>
        <domain>cam4you.cc</domain>
        <lastupdate>1327580715</lastupdate>
    </domainitem>

    <domainitem>
        <domain>centermail.com</domain>
        <lastupdate>1310940302</lastupdate>
    </domainitem>

    <domainitem>
        <domain>centermail.net</domain>
        <lastupdate>1310940428</lastupdate>
    </domainitem>

    <domainitem>
        <domain>deadaddress.com</domain>
        <lastupdate>1310940623</lastupdate>
    </domainitem>

    <domainitem>
        <domain>despammed.com</domain>
        <lastupdate>1310940663</lastupdate>
    </domainitem>

    <domainitem>
        <domain>dispostable.com</domain>
        <lastupdate>1310940773</lastupdate>
    </domainitem>

    <domainitem>
        <domain>dodgeit.com</domain>
        <lastupdate>1251757058</lastupdate>
    </domainitem>

    <domainitem>
        <domain>dodgit.com</domain>
        <lastupdate>1251650337</lastupdate>
    </domainitem>

    <domainitem>
        <domain>dontsendmespam.de</domain>
        <lastupdate>1251671831</lastupdate>
    </domainitem>

    <domainitem>
        <domain>dotman.de</domain>
        <lastupdate>1259624404</lastupdate>
    </domainitem>

    <domainitem>
        <domain>dudmail.com</domain>
        <lastupdate>1342094334</lastupdate>
    </domainitem>

    <domainitem>
        <domain>dump-email.info</domain>
        <lastupdate>1314121658</lastupdate>
    </domainitem>

    <domainitem>
        <domain>dumpmail.de</domain>
        <lastupdate>1310940922</lastupdate>
    </domainitem>

    <domainitem>
        <domain>e4ward.com</domain>
        <lastupdate>1251992499</lastupdate>
    </domainitem>

    <domainitem>
        <domain>easytrashmail.com</domain>
        <lastupdate>1361951136</lastupdate>
    </domainitem>

    <domainitem>
        <domain>edv.to</domain>
        <lastupdate>1327148573</lastupdate>
    </domainitem>

    <domainitem>
        <domain>einfach.to</domain>
        <lastupdate>1390480740</lastupdate>
    </domainitem>

    <domainitem>
        <domain>eintagsmail.de</domain>
        <lastupdate>1251727958</lastupdate>
    </domainitem>

    <domainitem>
        <domain>emailgo.de</domain>
        <lastupdate>1283288967</lastupdate>
    </domainitem>

    <domainitem>
        <domain>emailias.com</domain>
        <lastupdate>1257422685</lastupdate>
    </domainitem>

    <domainitem>
        <domain>emailsensei.com</domain>
        <lastupdate>1327148725</lastupdate>
    </domainitem>

    <domainitem>
        <domain>emailtemporanea.com</domain>
        <lastupdate>1303739813</lastupdate>
    </domainitem>

    <domainitem>
        <domain>emailtemporanea.net</domain>
        <lastupdate>1325503146</lastupdate>
    </domainitem>

    <domainitem>
        <domain>empiremail.de</domain>
        <lastupdate>1415969382</lastupdate>
    </domainitem>

    <domainitem>
        <domain>eyepaste.com</domain>
        <lastupdate>1333113160</lastupdate>
    </domainitem>

    <domainitem>
        <domain>fakeinbox.com</domain>
        <lastupdate>1361698397</lastupdate>
    </domainitem>

    <domainitem>
        <domain>fakemail.fr</domain>
        <lastupdate>1310941292</lastupdate>
    </domainitem>

    <domainitem>
        <domain>adresseemailtemporaire.com</domain>
        <lastupdate>1377204997</lastupdate>
    </domainitem>

    <domainitem>
        <domain>armyspy.com</domain>
        <lastupdate>1361698472</lastupdate>
    </domainitem>

    <domainitem>
        <domain>cuvox.de</domain>
        <lastupdate>1362995575</lastupdate>
    </domainitem>

    <domainitem>
        <domain>dayrep.com</domain>
        <lastupdate>1361698476</lastupdate>
    </domainitem>

    <domainitem>
        <domain>einrot.com</domain>
        <lastupdate>1362995586</lastupdate>
    </domainitem>

    <domainitem>
        <domain>fakemailgenerator.com</domain>
        <lastupdate>1372854895</lastupdate>
    </domainitem>

    <domainitem>
        <domain>fleckens.hu</domain>
        <lastupdate>1402393419</lastupdate>
    </domainitem>

    <domainitem>
        <domain>gustr.com</domain>
        <lastupdate>1377204977</lastupdate>
    </domainitem>

    <domainitem>
        <domain>jourrapide.com</domain>
        <lastupdate>1377205054</lastupdate>
    </domainitem>

    <domainitem>
        <domain>rhyta.com</domain>
        <lastupdate>1372854909</lastupdate>
    </domainitem>

    <domainitem>
        <domain>superrito.com</domain>
        <lastupdate>1377205084</lastupdate>
    </domainitem>

    <domainitem>
        <domain>teleworm.us</domain>
        <lastupdate>1361698480</lastupdate>
    </domainitem>

    <domainitem>
        <domain>wegwerfemailadresse.com</domain>
        <lastupdate>1377205270</lastupdate>
    </domainitem>

    <domainitem>
        <domain>filzmail.com</domain>
        <lastupdate>1310941781</lastupdate>
    </domainitem>

    <domainitem>
        <domain>flitafir.de</domain>
        <lastupdate>1375192456</lastupdate>
    </domainitem>

    <domainitem>
        <domain>frapmail.com</domain>
        <lastupdate>1310941880</lastupdate>
    </domainitem>

    <domainitem>
        <domain>garbagemail.org</domain>
        <lastupdate>1310941930</lastupdate>
    </domainitem>

    <domainitem>
        <domain>garliclife.com</domain>
        <lastupdate>1310941986</lastupdate>
    </domainitem>

    <domainitem>
        <domain>7tags.com</domain>
        <lastupdate>1361951290</lastupdate>
    </domainitem>

    <domainitem>
        <domain>broadbandninja.com</domain>
        <lastupdate>1361951243</lastupdate>
    </domainitem>

    <domainitem>
        <domain>cellurl.com</domain>
        <lastupdate>1361951278</lastupdate>
    </domainitem>

    <domainitem>
        <domain>dealja.com</domain>
        <lastupdate>1361951234</lastupdate>
    </domainitem>

    <domainitem>
        <domain>getairmail.com</domain>
        <lastupdate>1361951188</lastupdate>
    </domainitem>

    <domainitem>
        <domain>moburl.com</domain>
        <lastupdate>1361951222</lastupdate>
    </domainitem>

    <domainitem>
        <domain>tagyourself.com</domain>
        <lastupdate>1361951200</lastupdate>
    </domainitem>

    <domainitem>
        <domain>vidchart.com</domain>
        <lastupdate>1361951270</lastupdate>
    </domainitem>

    <domainitem>
        <domain>getmails.eu</domain>
        <lastupdate>1305546738</lastupdate>
    </domainitem>

    <domainitem>
        <domain>consumerriot.com</domain>
        <lastupdate>1361951211</lastupdate>
    </domainitem>

    <domainitem>
        <domain>getonemail.com</domain>
        <lastupdate>1283340485</lastupdate>
    </domainitem>

    <domainitem>
        <domain>gishpuppy.com</domain>
        <lastupdate>1310942214</lastupdate>
    </domainitem>

    <domainitem>
        <domain>nurfuerspam.de</domain>
        <lastupdate>1310947829</lastupdate>
    </domainitem>

    <domainitem>
        <domain>guerillamail.org</domain>
        <lastupdate>1352040393</lastupdate>
    </domainitem>

    <domainitem>
        <domain>guerrillamail.net</domain>
        <lastupdate>1361951016</lastupdate>
    </domainitem>

    <domainitem>
        <domain>grr.la</domain>
        <lastupdate>1374141114</lastupdate>
    </domainitem>

    <domainitem>
        <domain>guerrillamail.biz</domain>
        <lastupdate>1352040128</lastupdate>
    </domainitem>

    <domainitem>
        <domain>guerrillamail.com</domain>
        <lastupdate>1308565322</lastupdate>
    </domainitem>

    <domainitem>
        <domain>guerrillamail.de</domain>
        <lastupdate>1352040106</lastupdate>
    </domainitem>

    <domainitem>
        <domain>guerrillamail.info</domain>
        <lastupdate>1352040142</lastupdate>
    </domainitem>

    <domainitem>
        <domain>guerrillamail.org</domain>
        <lastupdate>1310942291</lastupdate>
    </domainitem>

    <domainitem>
        <domain>sharklasers.com</domain>
        <lastupdate>1308565362</lastupdate>
    </domainitem>

    <domainitem>
        <domain>spam4.me</domain>
        <lastupdate>1361951057</lastupdate>
    </domainitem>

    <domainitem>
        <domain>guerrillamailblock.com</domain>
        <lastupdate>1251672133</lastupdate>
    </domainitem>

    <domainitem>
        <domain>haltospam.com</domain>
        <lastupdate>1310942395</lastupdate>
    </domainitem>

    <domainitem>
        <domain>harakirimail.com</domain>
        <lastupdate>1393850746</lastupdate>
    </domainitem>

    <domainitem>
        <domain>hidemail.de</domain>
        <lastupdate>1310942455</lastupdate>
    </domainitem>

    <domainitem>
        <domain>hidemyass.com</domain>
        <lastupdate>1381150444</lastupdate>
    </domainitem>

    <domainitem>
        <domain>hmamail.com</domain>
        <lastupdate>1333111380</lastupdate>
    </domainitem>

    <domainitem>
        <domain>bootybay.de</domain>
        <lastupdate>1346069343</lastupdate>
    </domainitem>

    <domainitem>
        <domain>gehensiemirnichtaufdensack.de</domain>
        <lastupdate>1372063903</lastupdate>
    </domainitem>

    <domainitem>
        <domain>hat-geld.de</domain>
        <lastupdate>1372063930</lastupdate>
    </domainitem>

    <domainitem>
        <domain>ieh-mail.de</domain>
        <lastupdate>1346069298</lastupdate>
    </domainitem>

    <domainitem>
        <domain>plexolan.de</domain>
        <lastupdate>1346069328</lastupdate>
    </domainitem>

    <domainitem>
        <domain>inbox.si</domain>
        <lastupdate>1374141233</lastupdate>
    </domainitem>

    <domainitem>
        <domain>incognitomail.com</domain>
        <lastupdate>1361951423</lastupdate>
    </domainitem>

    <domainitem>
        <domain>incognitomail.net</domain>
        <lastupdate>1310942518</lastupdate>
    </domainitem>

    <domainitem>
        <domain>incognitomail.org</domain>
        <lastupdate>1333113050</lastupdate>
    </domainitem>

    <domainitem>
        <domain>instant-mail.de</domain>
        <lastupdate>1296010088</lastupdate>
    </domainitem>

    <domainitem>
        <domain>sinnlos-mail.de</domain>
        <lastupdate>1296010099</lastupdate>
    </domainitem>

    <domainitem>
        <domain>wegwerf-email-adressen.de</domain>
        <lastupdate>1296010107</lastupdate>
    </domainitem>

    <domainitem>
        <domain>wegwerf-emails.de</domain>
        <lastupdate>1296010111</lastupdate>
    </domainitem>

    <domainitem>
        <domain>ip6.li</domain>
        <lastupdate>1333393393</lastupdate>
    </domainitem>

    <domainitem>
        <domain>irish2me.com</domain>
        <lastupdate>1310942572</lastupdate>
    </domainitem>

    <domainitem>
        <domain>jetable.com</domain>
        <lastupdate>1310942694</lastupdate>
    </domainitem>

    <domainitem>
        <domain>jetable.net</domain>
        <lastupdate>1310942706</lastupdate>
    </domainitem>

    <domainitem>
        <domain>jetable.org</domain>
        <lastupdate>1251757447</lastupdate>
    </domainitem>

    <domainitem>
        <domain>junk.to</domain>
        <lastupdate>1326149776</lastupdate>
    </domainitem>

    <domainitem>
        <domain>kasmail.com</domain>
        <lastupdate>1256174252</lastupdate>
    </domainitem>

    <domainitem>
        <domain>keepmymail.com</domain>
        <lastupdate>1333111079</lastupdate>
    </domainitem>

    <domainitem>
        <domain>koszmail.pl</domain>
        <lastupdate>1372063852</lastupdate>
    </domainitem>

    <domainitem>
        <domain>lhsdv.com</domain>
        <lastupdate>1310943106</lastupdate>
    </domainitem>

    <domainitem>
        <domain>lifebyfood.com</domain>
        <lastupdate>1310943159</lastupdate>
    </domainitem>

    <domainitem>
        <domain>lr78.com</domain>
        <lastupdate>1310943219</lastupdate>
    </domainitem>

    <domainitem>
        <domain>luckymail.org</domain>
        <lastupdate>1315993855</lastupdate>
    </domainitem>

    <domainitem>
        <domain>card.zp.ua</domain>
        <lastupdate>1318504321</lastupdate>
    </domainitem>

    <domainitem>
        <domain>express.net.ua</domain>
        <lastupdate>1318504352</lastupdate>
    </domainitem>

    <domainitem>
        <domain>infocom.zp.ua</domain>
        <lastupdate>1318504359</lastupdate>
    </domainitem>

    <domainitem>
        <domain>mail.zp.ua</domain>
        <lastupdate>1318504272</lastupdate>
    </domainitem>

    <domainitem>
        <domain>mycard.net.ua</domain>
        <lastupdate>1318504344</lastupdate>
    </domainitem>

    <domainitem>
        <domain>mail1a.de</domain>
        <lastupdate>1372842533</lastupdate>
    </domainitem>

    <domainitem>
        <domain>delikkt.de</domain>
        <lastupdate>1344965442</lastupdate>
    </domainitem>

    <domainitem>
        <domain>m21.cc</domain>
        <lastupdate>1344965391</lastupdate>
    </domainitem>

    <domainitem>
        <domain>mail21.cc</domain>
        <lastupdate>1344965373</lastupdate>
    </domainitem>

    <domainitem>
        <domain>mysamp.de</domain>
        <lastupdate>1344965430</lastupdate>
    </domainitem>

    <domainitem>
        <domain>mail4trash.com</domain>
        <lastupdate>1259624218</lastupdate>
    </domainitem>

    <domainitem>
        <domain>mailcatch.com</domain>
        <lastupdate>1310943284</lastupdate>
    </domainitem>

    <domainitem>
        <domain>mailbiz.biz</domain>
        <lastupdate>1336134478</lastupdate>
    </domainitem>

    <domainitem>
        <domain>mailde.de</domain>
        <lastupdate>1336134414</lastupdate>
    </domainitem>

    <domainitem>
        <domain>mailde.info</domain>
        <lastupdate>1336134425</lastupdate>
    </domainitem>

    <domainitem>
        <domain>mailms.com</domain>
        <lastupdate>1336134434</lastupdate>
    </domainitem>

    <domainitem>
        <domain>mailorg.org</domain>
        <lastupdate>1336134444</lastupdate>
    </domainitem>

    <domainitem>
        <domain>mailtv.net</domain>
        <lastupdate>1336134453</lastupdate>
    </domainitem>

    <domainitem>
        <domain>mailtv.tv</domain>
        <lastupdate>1336134461</lastupdate>
    </domainitem>

    <domainitem>
        <domain>ministry-of-silly-walks.de</domain>
        <lastupdate>1336134469</lastupdate>
    </domainitem>

    <domainitem>
        <domain>maildrop.cc</domain>
        <lastupdate>1373271079</lastupdate>
    </domainitem>

    <domainitem>
        <domain>maileater.com</domain>
        <lastupdate>1310943383</lastupdate>
    </domainitem>

    <domainitem>
        <domain>maileimer.de</domain>
        <lastupdate>1292330894</lastupdate>
    </domainitem>

    <domainitem>
        <domain>mailexpire.com</domain>
        <lastupdate>1251735627</lastupdate>
    </domainitem>

    <domainitem>
        <domain>mailfish.de</domain>
        <lastupdate>1378129637</lastupdate>
    </domainitem>

    <domainitem>
        <domain>mailforspam.com</domain>
        <lastupdate>1333113969</lastupdate>
    </domainitem>

    <domainitem>
        <domain>binkmail.com</domain>
        <lastupdate>1287603452</lastupdate>
    </domainitem>

    <domainitem>
        <domain>bobmail.info</domain>
        <lastupdate>1300703460</lastupdate>
    </domainitem>

    <domainitem>
        <domain>chammy.info</domain>
        <lastupdate>1374141155</lastupdate>
    </domainitem>

    <domainitem>
        <domain>chogmail.com</domain>
        <lastupdate>1310940513</lastupdate>
    </domainitem>

    <domainitem>
        <domain>devnullmail.com</domain>
        <lastupdate>1310940706</lastupdate>
    </domainitem>

    <domainitem>
        <domain>letthemeatspam.com</domain>
        <lastupdate>1374141037</lastupdate>
    </domainitem>

    <domainitem>
        <domain>mailin8r.com</domain>
        <lastupdate>1251654262</lastupdate>
    </domainitem>

    <domainitem>
        <domain>mailinater.com</domain>
        <lastupdate>1331642272</lastupdate>
    </domainitem>

    <domainitem>
        <domain>mailinator.com</domain>
        <lastupdate>1300703540</lastupdate>
    </domainitem>

    <domainitem>
        <domain>mailinator.net</domain>
        <lastupdate>1251654262</lastupdate>
    </domainitem>

    <domainitem>
        <domain>mailinator2.com</domain>
        <lastupdate>1251654250</lastupdate>
    </domainitem>

    <domainitem>
        <domain>mailismagic.com</domain>
        <lastupdate>1386188907</lastupdate>
    </domainitem>

    <domainitem>
        <domain>mailtothis.com</domain>
        <lastupdate>1381840341</lastupdate>
    </domainitem>

    <domainitem>
        <domain>monumentmail.com</domain>
        <lastupdate>1381840364</lastupdate>
    </domainitem>

    <domainitem>
        <domain>notmailinator.com</domain>
        <lastupdate>1386189305</lastupdate>
    </domainitem>

    <domainitem>
        <domain>putthisInyourspamdatabase.com</domain>
        <lastupdate>1386189194</lastupdate>
    </domainitem>

    <domainitem>
        <domain>reallymymail.com</domain>
        <lastupdate>1386189125</lastupdate>
    </domainitem>

    <domainitem>
        <domain>safetymail.info</domain>
        <lastupdate>1300703480</lastupdate>
    </domainitem>

    <domainitem>
        <domain>slopsbox.com</domain>
        <lastupdate>1261509556</lastupdate>
    </domainitem>

    <domainitem>
        <domain>sogetthis.com</domain>
        <lastupdate>1251654250</lastupdate>
    </domainitem>

    <domainitem>
        <domain>spamgoes.in</domain>
        <lastupdate>1386188993</lastupdate>
    </domainitem>

    <domainitem>
        <domain>spamherelots.com</domain>
        <lastupdate>1251654272</lastupdate>
    </domainitem>

    <domainitem>
        <domain>SpamHerePlease.com</domain>
        <lastupdate>1310948128</lastupdate>
    </domainitem>

    <domainitem>
        <domain>supergreatmail.com</domain>
        <lastupdate>1386189283</lastupdate>
    </domainitem>

    <domainitem>
        <domain>suremail.info</domain>
        <lastupdate>1310948349</lastupdate>
    </domainitem>

    <domainitem>
        <domain>thisisnotmyrealemail.com</domain>
        <lastupdate>1251654272</lastupdate>
    </domainitem>

    <domainitem>
        <domain>tradermail.info</domain>
        <lastupdate>1288477233</lastupdate>
    </domainitem>

    <domainitem>
        <domain>veryrealemail.com</domain>
        <lastupdate>1334753058</lastupdate>
    </domainitem>

    <domainitem>
        <domain>zippymail.info</domain>
        <lastupdate>1287603520</lastupdate>
    </domainitem>

    <domainitem>
        <domain>mailita.tk</domain>
        <lastupdate>1333988616</lastupdate>
    </domainitem>

    <domainitem>
        <domain>mailme24.com</domain>
        <lastupdate>1310943488</lastupdate>
    </domainitem>

    <domainitem>
        <domain>mailnesia.com</domain>
        <lastupdate>1361950987</lastupdate>
    </domainitem>

    <domainitem>
        <domain>mailnull.com</domain>
        <lastupdate>1310943545</lastupdate>
    </domainitem>

    <domainitem>
        <domain>mailshell.com</domain>
        <lastupdate>1251992685</lastupdate>
    </domainitem>

    <domainitem>
        <domain>mailtome.de</domain>
        <lastupdate>1352040529</lastupdate>
    </domainitem>

    <domainitem>
        <domain>mailtrash.net</domain>
        <lastupdate>1254751164</lastupdate>
    </domainitem>

    <domainitem>
        <domain>makemetheking.com</domain>
        <lastupdate>1257422769</lastupdate>
    </domainitem>

    <domainitem>
        <domain>mbx.cc</domain>
        <lastupdate>1259624183</lastupdate>
    </domainitem>

    <domainitem>
        <domain>meltmail.com</domain>
        <lastupdate>1310943622</lastupdate>
    </domainitem>

    <domainitem>
        <domain>messagebeamer.de</domain>
        <lastupdate>1310943738</lastupdate>
    </domainitem>

    <domainitem>
        <domain>migmail.pl</domain>
        <lastupdate>1400668729</lastupdate>
    </domainitem>

    <domainitem>
        <domain>mintemail.com</domain>
        <lastupdate>1310943844</lastupdate>
    </domainitem>

    <domainitem>
        <domain>muell.email</domain>
        <lastupdate>1409681694</lastupdate>
    </domainitem>

    <domainitem>
        <domain>my10minutemail.com</domain>
        <lastupdate>1379925930</lastupdate>
    </domainitem>

    <domainitem>
        <domain>mytempmail.com</domain>
        <lastupdate>1310944181</lastupdate>
    </domainitem>

    <domainitem>
        <domain>mailmetrash.com</domain>
        <lastupdate>1323694363</lastupdate>
    </domainitem>

    <domainitem>
        <domain>mt2009.com</domain>
        <lastupdate>1251672662</lastupdate>
    </domainitem>

    <domainitem>
        <domain>mt2014.com</domain>
        <lastupdate>1372925284</lastupdate>
    </domainitem>

    <domainitem>
        <domain>mytrashmail.com</domain>
        <lastupdate>1251672643</lastupdate>
    </domainitem>

    <domainitem>
        <domain>thankyou2010.com</domain>
        <lastupdate>1287600781</lastupdate>
    </domainitem>

    <domainitem>
        <domain>trash2009.com</domain>
        <lastupdate>1251672656</lastupdate>
    </domainitem>

    <domainitem>
        <domain>trashymail.com</domain>
        <lastupdate>1251672667</lastupdate>
    </domainitem>

    <domainitem>
        <domain>nervmich.net</domain>
        <lastupdate>1251757497</lastupdate>
    </domainitem>

    <domainitem>
        <domain>nervtmich.net</domain>
        <lastupdate>1251757517</lastupdate>
    </domainitem>

    <domainitem>
        <domain>wegwerfadresse.de</domain>
        <lastupdate>1251757544</lastupdate>
    </domainitem>

    <domainitem>
        <domain>netzidiot.de</domain>
        <lastupdate>1310944250</lastupdate>
    </domainitem>

    <domainitem>
        <domain>no-spam.ws</domain>
        <lastupdate>1314121599</lastupdate>
    </domainitem>

    <domainitem>
        <domain>nospam4.us</domain>
        <lastupdate>1310944339</lastupdate>
    </domainitem>

    <domainitem>
        <domain>nospamfor.us</domain>
        <lastupdate>1310944389</lastupdate>
    </domainitem>

    <domainitem>
        <domain>nospammail.net</domain>
        <lastupdate>1310944413</lastupdate>
    </domainitem>

    <domainitem>
        <domain>nowmymail.com</domain>
        <lastupdate>1310944432</lastupdate>
    </domainitem>

    <domainitem>
        <domain>nsaking.de</domain>
        <lastupdate>1404386383</lastupdate>
    </domainitem>

    <domainitem>
        <domain>obobbo.com</domain>
        <lastupdate>1310944618</lastupdate>
    </domainitem>

    <domainitem>
        <domain>ohaaa.de</domain>
        <lastupdate>1252422487</lastupdate>
    </domainitem>

    <domainitem>
        <domain>blackmarket.to</domain>
        <lastupdate>1336656327</lastupdate>
    </domainitem>

    <domainitem>
        <domain>omail.pro</domain>
        <lastupdate>1336656230</lastupdate>
    </domainitem>

    <domainitem>
        <domain>thc.st</domain>
        <lastupdate>1336656297</lastupdate>
    </domainitem>

    <domainitem>
        <domain>vpn.st</domain>
        <lastupdate>1336656310</lastupdate>
    </domainitem>

    <domainitem>
        <domain>oneoffemail.com</domain>
        <lastupdate>1333113505</lastupdate>
    </domainitem>

    <domainitem>
        <domain>oneoffmail.com</domain>
        <lastupdate>1333113561</lastupdate>
    </domainitem>

    <domainitem>
        <domain>onewaymail.com</domain>
        <lastupdate>1416222479</lastupdate>
    </domainitem>

    <domainitem>
        <domain>onlatedotcom.info</domain>
        <lastupdate>1310944705</lastupdate>
    </domainitem>

    <domainitem>
        <domain>otherinbox.com</domain>
        <lastupdate>1333114383</lastupdate>
    </domainitem>

    <domainitem>
        <domain>pookmail.com</domain>
        <lastupdate>1310944735</lastupdate>
    </domainitem>

    <domainitem>
        <domain>privacy.net</domain>
        <lastupdate>1310944760</lastupdate>
    </domainitem>

    <domainitem>
        <domain>privatdemail.net</domain>
        <lastupdate>1352040082</lastupdate>
    </domainitem>

    <domainitem>
        <domain>fansworldwide.de</domain>
        <lastupdate>1352040348</lastupdate>
    </domainitem>

    <domainitem>
        <domain>privy-mail.de</domain>
        <lastupdate>1251991939</lastupdate>
    </domainitem>

    <domainitem>
        <domain>privymail.de</domain>
        <lastupdate>1352040307</lastupdate>
    </domainitem>

    <domainitem>
        <domain>trashmailer.com</domain>
        <lastupdate>1352040328</lastupdate>
    </domainitem>

    <domainitem>
        <domain>put2.net</domain>
        <lastupdate>1310945179</lastupdate>
    </domainitem>

    <domainitem>
        <domain>quickinbox.com</domain>
        <lastupdate>1261509793</lastupdate>
    </domainitem>

    <domainitem>
        <domain>realtyalerts.ca</domain>
        <lastupdate>1331642373</lastupdate>
    </domainitem>

    <domainitem>
        <domain>mailseal.de</domain>
        <lastupdate>1352040219</lastupdate>
    </domainitem>

    <domainitem>
        <domain>receiveee.com</domain>
        <lastupdate>1352039854</lastupdate>
    </domainitem>

    <domainitem>
        <domain>safersignup.de</domain>
        <lastupdate>1357650637</lastupdate>
    </domainitem>

    <domainitem>
        <domain>safetypost.de</domain>
        <lastupdate>1289229302</lastupdate>
    </domainitem>

    <domainitem>
        <domain>sapya.com</domain>
        <lastupdate>1387279356</lastupdate>
    </domainitem>

    <domainitem>
        <domain>schafmail.de</domain>
        <lastupdate>1370699845</lastupdate>
    </domainitem>

    <domainitem>
        <domain>schmeissweg.tk</domain>
        <lastupdate>1274883055</lastupdate>
    </domainitem>

    <domainitem>
        <domain>schrott-email.de</domain>
        <lastupdate>1293993306</lastupdate>
    </domainitem>

    <domainitem>
        <domain>secretemail.de</domain>
        <lastupdate>1285520181</lastupdate>
    </domainitem>

    <domainitem>
        <domain>lolfreak.net</domain>
        <lastupdate>1314121800</lastupdate>
    </domainitem>

    <domainitem>
        <domain>secure-mail.biz</domain>
        <lastupdate>1314121746</lastupdate>
    </domainitem>

    <domainitem>
        <domain>secure-mail.cc</domain>
        <lastupdate>1314121762</lastupdate>
    </domainitem>

    <domainitem>
        <domain>z1p.biz</domain>
        <lastupdate>1314121782</lastupdate>
    </domainitem>

    <domainitem>
        <domain>send-email.org</domain>
        <lastupdate>1394101869</lastupdate>
    </domainitem>

    <domainitem>
        <domain>SendSpamHere.com</domain>
        <lastupdate>1310945364</lastupdate>
    </domainitem>

    <domainitem>
        <domain>senseless-entertainment.com</domain>
        <lastupdate>1261509757</lastupdate>
    </domainitem>

    <domainitem>
        <domain>is.af</domain>
        <lastupdate>1339022515</lastupdate>
    </domainitem>

    <domainitem>
        <domain>server.ms</domain>
        <lastupdate>1339022490</lastupdate>
    </domainitem>

    <domainitem>
        <domain>us.af</domain>
        <lastupdate>1339022505</lastupdate>
    </domainitem>

    <domainitem>
        <domain>shieldemail.com</domain>
        <lastupdate>1261509589</lastupdate>
    </domainitem>

    <domainitem>
        <domain>sneakemail.com</domain>
        <lastupdate>1251654837</lastupdate>
    </domainitem>

    <domainitem>
        <domain>snkmail.com</domain>
        <lastupdate>1372066484</lastupdate>
    </domainitem>

    <domainitem>
        <domain>sofort-mail.de</domain>
        <lastupdate>1251650269</lastupdate>
    </domainitem>

    <domainitem>
        <domain>sofortmail.de</domain>
        <lastupdate>1355137431</lastupdate>
    </domainitem>

    <domainitem>
        <domain>soodonims.com</domain>
        <lastupdate>1310947963</lastupdate>
    </domainitem>

    <domainitem>
        <domain>spam.la</domain>
        <lastupdate>1251654331</lastupdate>
    </domainitem>

    <domainitem>
        <domain>spam.su</domain>
        <lastupdate>1310947984</lastupdate>
    </domainitem>

    <domainitem>
        <domain>spamail.de</domain>
        <lastupdate>1352040370</lastupdate>
    </domainitem>

    <domainitem>
        <domain>spamavert.com</domain>
        <lastupdate>1261509509</lastupdate>
    </domainitem>

    <domainitem>
        <domain>spambob.com</domain>
        <lastupdate>1310948030</lastupdate>
    </domainitem>

    <domainitem>
        <domain>0815.ru</domain>
        <lastupdate>1420478811</lastupdate>
    </domainitem>

    <domainitem>
        <domain>3d-painting.com</domain>
        <lastupdate>1251654580</lastupdate>
    </domainitem>

    <domainitem>
        <domain>6ip.us</domain>
        <lastupdate>1376925500</lastupdate>
    </domainitem>

    <domainitem>
        <domain>agedmail.com</domain>
        <lastupdate>1349969775</lastupdate>
    </domainitem>

    <domainitem>
        <domain>ama-trade.de</domain>
        <lastupdate>1376925544</lastupdate>
    </domainitem>

    <domainitem>
        <domain>ama-trans.de</domain>
        <lastupdate>1376925559</lastupdate>
    </domainitem>

    <domainitem>
        <domain>ano-mail.net</domain>
        <lastupdate>1334099347</lastupdate>
    </domainitem>

    <domainitem>
        <domain>bio-muesli.info</domain>
        <lastupdate>1251654580</lastupdate>
    </domainitem>

    <domainitem>
        <domain>bio-muesli.net</domain>
        <lastupdate>1251654580</lastupdate>
    </domainitem>

    <domainitem>
        <domain>brennendesreich.de</domain>
        <lastupdate>1334099364</lastupdate>
    </domainitem>

    <domainitem>
        <domain>buffemail.com</domain>
        <lastupdate>1349969829</lastupdate>
    </domainitem>

    <domainitem>
        <domain>bund.us</domain>
        <lastupdate>1323694353</lastupdate>
    </domainitem>

    <domainitem>
        <domain>cust.in</domain>
        <lastupdate>1251654580</lastupdate>
    </domainitem>

    <domainitem>
        <domain>dbunker.com</domain>
        <lastupdate>1323694339</lastupdate>
    </domainitem>

    <domainitem>
        <domain>discardmail.com</domain>
        <lastupdate>1251654580</lastupdate>
    </domainitem>

    <domainitem>
        <domain>discardmail.de</domain>
        <lastupdate>1251654580</lastupdate>
    </domainitem>

    <domainitem>
        <domain>dropcake.de</domain>
        <lastupdate>1376925610</lastupdate>
    </domainitem>

    <domainitem>
        <domain>duskmail.com</domain>
        <lastupdate>1349969800</lastupdate>
    </domainitem>

    <domainitem>
        <domain>e-postkasten.com</domain>
        <lastupdate>1376925469</lastupdate>
    </domainitem>

    <domainitem>
        <domain>e-postkasten.de</domain>
        <lastupdate>1376925480</lastupdate>
    </domainitem>

    <domainitem>
        <domain>e-postkasten.eu</domain>
        <lastupdate>1376925522</lastupdate>
    </domainitem>

    <domainitem>
        <domain>e-postkasten.info</domain>
        <lastupdate>1376925488</lastupdate>
    </domainitem>

    <domainitem>
        <domain>emaillime.com</domain>
        <lastupdate>1349969813</lastupdate>
    </domainitem>

    <domainitem>
        <domain>ero-tube.org</domain>
        <lastupdate>1352040677</lastupdate>
    </domainitem>

    <domainitem>
        <domain>film-blog.biz</domain>
        <lastupdate>1352040592</lastupdate>
    </domainitem>

    <domainitem>
        <domain>fly-ts.de</domain>
        <lastupdate>1376925583</lastupdate>
    </domainitem>

    <domainitem>
        <domain>flyspam.com</domain>
        <lastupdate>1349969785</lastupdate>
    </domainitem>

    <domainitem>
        <domain>fr33mail.info</domain>
        <lastupdate>1301923011</lastupdate>
    </domainitem>

    <domainitem>
        <domain>geschent.biz</domain>
        <lastupdate>1352040697</lastupdate>
    </domainitem>

    <domainitem>
        <domain>great-host.in</domain>
        <lastupdate>1251654580</lastupdate>
    </domainitem>

    <domainitem>
        <domain>hochsitze.com</domain>
        <lastupdate>1301922957</lastupdate>
    </domainitem>

    <domainitem>
        <domain>hulapla.de</domain>
        <lastupdate>1301922971</lastupdate>
    </domainitem>

    <domainitem>
        <domain>imails.info</domain>
        <lastupdate>1251654580</lastupdate>
    </domainitem>

    <domainitem>
        <domain>kulturbetrieb.info</domain>
        <lastupdate>1251654580</lastupdate>
    </domainitem>

    <domainitem>
        <domain>lags.us</domain>
        <lastupdate>1376925512</lastupdate>
    </domainitem>

    <domainitem>
        <domain>m4ilweb.info</domain>
        <lastupdate>1301923022</lastupdate>
    </domainitem>

    <domainitem>
        <domain>malahov.de</domain>
        <lastupdate>1376925534</lastupdate>
    </domainitem>

    <domainitem>
        <domain>misterpinball.de</domain>
        <lastupdate>1301923049</lastupdate>
    </domainitem>

    <domainitem>
        <domain>mypartyclip.de</domain>
        <lastupdate>1301922940</lastupdate>
    </domainitem>

    <domainitem>
        <domain>nomail2me.com</domain>
        <lastupdate>1251654580</lastupdate>
    </domainitem>

    <domainitem>
        <domain>nospamthanks.info</domain>
        <lastupdate>1288477310</lastupdate>
    </domainitem>

    <domainitem>
        <domain>politikerclub.de</domain>
        <lastupdate>1301922928</lastupdate>
    </domainitem>

    <domainitem>
        <domain>recode.me</domain>
        <lastupdate>1251654580</lastupdate>
    </domainitem>

    <domainitem>
        <domain>s0ny.net</domain>
        <lastupdate>1301922915</lastupdate>
    </domainitem>

    <domainitem>
        <domain>sandelf.de</domain>
        <lastupdate>1251654580</lastupdate>
    </domainitem>

    <domainitem>
        <domain>sky-ts.de</domain>
        <lastupdate>1376925574</lastupdate>
    </domainitem>

    <domainitem>
        <domain>spambog.com</domain>
        <lastupdate>1251654580</lastupdate>
    </domainitem>

    <domainitem>
        <domain>spambog.de</domain>
        <lastupdate>1251654580</lastupdate>
    </domainitem>

    <domainitem>
        <domain>spambog.ru</domain>
        <lastupdate>1251654580</lastupdate>
    </domainitem>

    <domainitem>
        <domain>superstachel.de</domain>
        <lastupdate>1334099379</lastupdate>
    </domainitem>

    <domainitem>
        <domain>teewars.org</domain>
        <lastupdate>1251654580</lastupdate>
    </domainitem>

    <domainitem>
        <domain>thanksnospam.info</domain>
        <lastupdate>1288477289</lastupdate>
    </domainitem>

    <domainitem>
        <domain>watch-harry-potter.com</domain>
        <lastupdate>1352040564</lastupdate>
    </domainitem>

    <domainitem>
        <domain>watchfull.net</domain>
        <lastupdate>1352040583</lastupdate>
    </domainitem>

    <domainitem>
        <domain>webm4il.info</domain>
        <lastupdate>1301923037</lastupdate>
    </domainitem>

    <domainitem>
        <domain>spambox.us</domain>
        <lastupdate>1261509458</lastupdate>
    </domainitem>

    <domainitem>
        <domain>spamcero.com</domain>
        <lastupdate>1261509427</lastupdate>
    </domainitem>

    <domainitem>
        <domain>spamcorptastic.com</domain>
        <lastupdate>1310948059</lastupdate>
    </domainitem>

    <domainitem>
        <domain>spamex.com</domain>
        <lastupdate>1251992627</lastupdate>
    </domainitem>

    <domainitem>
        <domain>spamfree.eu</domain>
        <lastupdate>1261509364</lastupdate>
    </domainitem>

    <domainitem>
        <domain>spamfree24.com</domain>
        <lastupdate>1261509351</lastupdate>
    </domainitem>

    <domainitem>
        <domain>spamfree24.de</domain>
        <lastupdate>1261509343</lastupdate>
    </domainitem>

    <domainitem>
        <domain>spamfree24.info</domain>
        <lastupdate>1261509347</lastupdate>
    </domainitem>

    <domainitem>
        <domain>spamfree24.org</domain>
        <lastupdate>1261509327</lastupdate>
    </domainitem>

    <domainitem>
        <domain>antichef.net</domain>
        <lastupdate>1251735684</lastupdate>
    </domainitem>

    <domainitem>
        <domain>spamcannon.net</domain>
        <lastupdate>1413723260</lastupdate>
    </domainitem>

    <domainitem>
        <domain>spamgourmet.com</domain>
        <lastupdate>1251654821</lastupdate>
    </domainitem>

    <domainitem>
        <domain>spamgourmet.net</domain>
        <lastupdate>1413723279</lastupdate>
    </domainitem>

    <domainitem>
        <domain>spamgourmet.org</domain>
        <lastupdate>1413723288</lastupdate>
    </domainitem>

    <domainitem>
        <domain>spamhole.com</domain>
        <lastupdate>1310948186</lastupdate>
    </domainitem>

    <domainitem>
        <domain>spaminator.de</domain>
        <lastupdate>1310948211</lastupdate>
    </domainitem>

    <domainitem>
        <domain>spaml.de</domain>
        <lastupdate>1296010216</lastupdate>
    </domainitem>

    <domainitem>
        <domain>spammotel.com</domain>
        <lastupdate>1251757616</lastupdate>
    </domainitem>

    <domainitem>
        <domain>spamobox.com</domain>
        <lastupdate>1261509249</lastupdate>
    </domainitem>

    <domainitem>
        <domain>spamspot.com</domain>
        <lastupdate>1261509217</lastupdate>
    </domainitem>

    <domainitem>
        <domain>SpamThisPlease.com</domain>
        <lastupdate>1310948251</lastupdate>
    </domainitem>

    <domainitem>
        <domain>spamtrail.com</domain>
        <lastupdate>1251757215</lastupdate>
    </domainitem>

    <domainitem>
        <domain>spamtroll.net</domain>
        <lastupdate>1402053995</lastupdate>
    </domainitem>

    <domainitem>
        <domain>abusemail.de</domain>
        <lastupdate>1422352666</lastupdate>
    </domainitem>

    <domainitem>
        <domain>cheatmail.de</domain>
        <lastupdate>1349185141</lastupdate>
    </domainitem>

    <domainitem>
        <domain>dodgemail.de</domain>
        <lastupdate>1405260537</lastupdate>
    </domainitem>

    <domainitem>
        <domain>fivemail.de</domain>
        <lastupdate>1257422533</lastupdate>
    </domainitem>

    <domainitem>
        <domain>giantmail.de</domain>
        <lastupdate>1283511732</lastupdate>
    </domainitem>

    <domainitem>
        <domain>nevermail.de</domain>
        <lastupdate>1296010138</lastupdate>
    </domainitem>

    <domainitem>
        <domain>smashmail.de</domain>
        <lastupdate>1365410295</lastupdate>
    </domainitem>

    <domainitem>
        <domain>sneakmail.de</domain>
        <lastupdate>1362995633</lastupdate>
    </domainitem>

    <domainitem>
        <domain>spoofmail.de</domain>
        <lastupdate>1257422513</lastupdate>
    </domainitem>

    <domainitem>
        <domain>stuffmail.de</domain>
        <lastupdate>1352041007</lastupdate>
    </domainitem>

    <domainitem>
        <domain>tokenmail.de</domain>
        <lastupdate>1394137654</lastupdate>
    </domainitem>

    <domainitem>
        <domain>trialmail.de</domain>
        <lastupdate>1314183231</lastupdate>
    </domainitem>

    <domainitem>
        <domain>squizzy.de</domain>
        <lastupdate>1327438984</lastupdate>
    </domainitem>

    <domainitem>
        <domain>sry.li</domain>
        <lastupdate>1367602916</lastupdate>
    </domainitem>

    <domainitem>
        <domain>stinkefinger.net</domain>
        <lastupdate>1335182374</lastupdate>
    </domainitem>

    <domainitem>
        <domain>sofimail.com</domain>
        <lastupdate>1374141292</lastupdate>
    </domainitem>

    <domainitem>
        <domain>stop-my-spam.com</domain>
        <lastupdate>1374141264</lastupdate>
    </domainitem>

    <domainitem>
        <domain>super-auswahl.de</domain>
        <lastupdate>1310948334</lastupdate>
    </domainitem>

    <domainitem>
        <domain>teleworm.com</domain>
        <lastupdate>1314183285</lastupdate>
    </domainitem>

    <domainitem>
        <domain>checknew.pw</domain>
        <lastupdate>1379450803</lastupdate>
    </domainitem>

    <domainitem>
        <domain>gomail.in</domain>
        <lastupdate>1373272119</lastupdate>
    </domainitem>

    <domainitem>
        <domain>inboxed.im</domain>
        <lastupdate>1373272133</lastupdate>
    </domainitem>

    <domainitem>
        <domain>inboxed.pw</domain>
        <lastupdate>1373272145</lastupdate>
    </domainitem>

    <domainitem>
        <domain>linuxmail.so</domain>
        <lastupdate>1373272159</lastupdate>
    </domainitem>

    <domainitem>
        <domain>nomail.pw</domain>
        <lastupdate>1373272177</lastupdate>
    </domainitem>

    <domainitem>
        <domain>powered.name</domain>
        <lastupdate>1373272188</lastupdate>
    </domainitem>

    <domainitem>
        <domain>secmail.pw</domain>
        <lastupdate>1373272204</lastupdate>
    </domainitem>

    <domainitem>
        <domain>shut.name</domain>
        <lastupdate>1373272215</lastupdate>
    </domainitem>

    <domainitem>
        <domain>shut.ws</domain>
        <lastupdate>1373272229</lastupdate>
    </domainitem>

    <domainitem>
        <domain>temp-mail.org</domain>
        <lastupdate>1310948445</lastupdate>
    </domainitem>

    <domainitem>
        <domain>tokem.co</domain>
        <lastupdate>1373271879</lastupdate>
    </domainitem>

    <domainitem>
        <domain>vipmail.name</domain>
        <lastupdate>1373272253</lastupdate>
    </domainitem>

    <domainitem>
        <domain>vipmail.pw</domain>
        <lastupdate>1373271835</lastupdate>
    </domainitem>

    <domainitem>
        <domain>writeme.us</domain>
        <lastupdate>1373272269</lastupdate>
    </domainitem>

    <domainitem>
        <domain>yanet.me</domain>
        <lastupdate>1373272282</lastupdate>
    </domainitem>

    <domainitem>
        <domain>llogin.ru</domain>
        <lastupdate>1333113259</lastupdate>
    </domainitem>

    <domainitem>
        <domain>odnorazovoe.ru</domain>
        <lastupdate>1333113272</lastupdate>
    </domainitem>

    <domainitem>
        <domain>temp-mail.ru</domain>
        <lastupdate>1333113246</lastupdate>
    </domainitem>

    <domainitem>
        <domain>tempail.com</domain>
        <lastupdate>1290511805</lastupdate>
    </domainitem>

    <domainitem>
        <domain>tempemail.co.za</domain>
        <lastupdate>1352040802</lastupdate>
    </domainitem>

    <domainitem>
        <domain>tempemail.net</domain>
        <lastupdate>1261509102</lastupdate>
    </domainitem>

    <domainitem>
        <domain>beefmilk.com</domain>
        <lastupdate>1261509011</lastupdate>
    </domainitem>

    <domainitem>
        <domain>dingbone.com</domain>
        <lastupdate>1261509000</lastupdate>
    </domainitem>

    <domainitem>
        <domain>fudgerub.com</domain>
        <lastupdate>1261509006</lastupdate>
    </domainitem>

    <domainitem>
        <domain>lookugly.com</domain>
        <lastupdate>1261509017</lastupdate>
    </domainitem>

    <domainitem>
        <domain>smellfear.com</domain>
        <lastupdate>1261509023</lastupdate>
    </domainitem>

    <domainitem>
        <domain>tempinbox.com</domain>
        <lastupdate>1261508997</lastupdate>
    </domainitem>

    <domainitem>
        <domain>tempmail.eu</domain>
        <lastupdate>1368605359</lastupdate>
    </domainitem>

    <domainitem>
        <domain>tempmailer.com</domain>
        <lastupdate>1349692357</lastupdate>
    </domainitem>

    <domainitem>
        <domain>tempmailer.de</domain>
        <lastupdate>1352040184</lastupdate>
    </domainitem>

    <domainitem>
        <domain>tempomail.fr</domain>
        <lastupdate>1296010248</lastupdate>
    </domainitem>

    <domainitem>
        <domain>temporarily.de</domain>
        <lastupdate>1251732849</lastupdate>
    </domainitem>

    <domainitem>
        <domain>temporaryemail.net</domain>
        <lastupdate>1310948473</lastupdate>
    </domainitem>

    <domainitem>
        <domain>temporaryinbox.com</domain>
        <lastupdate>1254485856</lastupdate>
    </domainitem>

    <domainitem>
        <domain>temporarymailaddress.com</domain>
        <lastupdate>1333393336</lastupdate>
    </domainitem>

    <domainitem>
        <domain>thismail.net</domain>
        <lastupdate>1296579271</lastupdate>
    </domainitem>

    <domainitem>
        <domain>tittbit.in</domain>
        <lastupdate>1361698330</lastupdate>
    </domainitem>

    <domainitem>
        <domain>topranklist.de</domain>
        <lastupdate>1290125963</lastupdate>
    </domainitem>

    <domainitem>
        <domain>tormail.org</domain>
        <lastupdate>1372973074</lastupdate>
    </domainitem>

    <domainitem>
        <domain>fake-box.com</domain>
        <lastupdate>1405875926</lastupdate>
    </domainitem>

    <domainitem>
        <domain>opentrash.com</domain>
        <lastupdate>1405875937</lastupdate>
    </domainitem>

    <domainitem>
        <domain>re-gister.com</domain>
        <lastupdate>1405875847</lastupdate>
    </domainitem>

    <domainitem>
        <domain>trash-mail.com</domain>
        <lastupdate>1372973186</lastupdate>
    </domainitem>

    <domainitem>
        <domain>trash-mail.de</domain>
        <lastupdate>1251649363</lastupdate>
    </domainitem>

    <domainitem>
        <domain>trash-me.com</domain>
        <lastupdate>1405875865</lastupdate>
    </domainitem>

    <domainitem>
        <domain>you-spam.com</domain>
        <lastupdate>1405875895</lastupdate>
    </domainitem>

    <domainitem>
        <domain>trash4.me</domain>
        <lastupdate>1379579727</lastupdate>
    </domainitem>

    <domainitem>
        <domain>trashdevil.com</domain>
        <lastupdate>1261508866</lastupdate>
    </domainitem>

    <domainitem>
        <domain>trashdevil.de</domain>
        <lastupdate>1261508860</lastupdate>
    </domainitem>

    <domainitem>
        <domain>trashemail.de</domain>
        <lastupdate>1314121453</lastupdate>
    </domainitem>

    <domainitem>
        <domain>trashemails.de</domain>
        <lastupdate>1425984619</lastupdate>
    </domainitem>

    <domainitem>
        <domain>trashmail.com</domain>
        <lastupdate>1314121691</lastupdate>
    </domainitem>

    <domainitem>
        <domain>trashmail.de</domain>
        <lastupdate>1357512375</lastupdate>
    </domainitem>

    <domainitem>
        <domain>kurzepost.de</domain>
        <lastupdate>1310942816</lastupdate>
    </domainitem>

    <domainitem>
        <domain>objectmail.com</domain>
        <lastupdate>1406801330</lastupdate>
    </domainitem>

    <domainitem>
        <domain>proxymail.eu</domain>
        <lastupdate>1310944781</lastupdate>
    </domainitem>

    <domainitem>
        <domain>punkass.com</domain>
        <lastupdate>1310945125</lastupdate>
    </domainitem>

    <domainitem>
        <domain>rcpt.at</domain>
        <lastupdate>1310945192</lastupdate>
    </domainitem>

    <domainitem>
        <domain>trash-mail.at</domain>
        <lastupdate>1346752203</lastupdate>
    </domainitem>

    <domainitem>
        <domain>trashmail.at</domain>
        <lastupdate>1321308438</lastupdate>
    </domainitem>

    <domainitem>
        <domain>trashmail.me</domain>
        <lastupdate>1310942967</lastupdate>
    </domainitem>

    <domainitem>
        <domain>trashmail.net</domain>
        <lastupdate>1251672189</lastupdate>
    </domainitem>

    <domainitem>
        <domain>wegwerfmail.de</domain>
        <lastupdate>1346752220</lastupdate>
    </domainitem>

    <domainitem>
        <domain>wegwerfmail.net</domain>
        <lastupdate>1321308476</lastupdate>
    </domainitem>

    <domainitem>
        <domain>wegwerfmail.org</domain>
        <lastupdate>1321308504</lastupdate>
    </domainitem>

    <domainitem>
        <domain>trashmail.ws</domain>
        <lastupdate>1352040503</lastupdate>
    </domainitem>

    <domainitem>
        <domain>twinmail.de</domain>
        <lastupdate>1261508776</lastupdate>
    </domainitem>

    <domainitem>
        <domain>163.com</domain>
        <lastupdate>1352039785</lastupdate>
    </domainitem>

    <domainitem>
        <domain>20mail.it</domain>
        <lastupdate>1426713087</lastupdate>
    </domainitem>

    <domainitem>
        <domain>2prong.com</domain>
        <lastupdate>1333113598</lastupdate>
    </domainitem>

    <domainitem>
        <domain>8127ep.com</domain>
        <lastupdate>1352039800</lastupdate>
    </domainitem>

    <domainitem>
        <domain>antireg.ru</domain>
        <lastupdate>1333113889</lastupdate>
    </domainitem>

    <domainitem>
        <domain>asdasd.ru</domain>
        <lastupdate>1333114033</lastupdate>
    </domainitem>

    <domainitem>
        <domain>bugmenever.com</domain>
        <lastupdate>1333112850</lastupdate>
    </domainitem>

    <domainitem>
        <domain>despam.it</domain>
        <lastupdate>1333113410</lastupdate>
    </domainitem>

    <domainitem>
        <domain>disposeamail.com</domain>
        <lastupdate>1333112675</lastupdate>
    </domainitem>

    <domainitem>
        <domain>dontreg.com</domain>
        <lastupdate>1333113636</lastupdate>
    </domainitem>

    <domainitem>
        <domain>einmalmail.de</domain>
        <lastupdate>1333112385</lastupdate>
    </domainitem>

    <domainitem>
        <domain>fakedemail.com</domain>
        <lastupdate>1333113865</lastupdate>
    </domainitem>

    <domainitem>
        <domain>fuckingduh.com</domain>
        <lastupdate>1386189236</lastupdate>
    </domainitem>

    <domainitem>
        <domain>fyii.de</domain>
        <lastupdate>1372160638</lastupdate>
    </domainitem>

    <domainitem>
        <domain>humaility.com</domain>
        <lastupdate>1333113025</lastupdate>
    </domainitem>

    <domainitem>
        <domain>ignoremail.com</domain>
        <lastupdate>1333112871</lastupdate>
    </domainitem>

    <domainitem>
        <domain>kostenlosemailadresse.de</domain>
        <lastupdate>1365426561</lastupdate>
    </domainitem>

    <domainitem>
        <domain>lawlita.com</domain>
        <lastupdate>1333113450</lastupdate>
    </domainitem>

    <domainitem>
        <domain>losemymail.com</domain>
        <lastupdate>1333112709</lastupdate>
    </domainitem>

    <domainitem>
        <domain>mailscrap.com</domain>
        <lastupdate>1333113842</lastupdate>
    </domainitem>

    <domainitem>
        <domain>nabuma.com</domain>
        <lastupdate>1333112776</lastupdate>
    </domainitem>

    <domainitem>
        <domain>nobugmail.com</domain>
        <lastupdate>1333112589</lastupdate>
    </domainitem>

    <domainitem>
        <domain>nobuma.com</domain>
        <lastupdate>1333112804</lastupdate>
    </domainitem>

    <domainitem>
        <domain>pwrby.com</domain>
        <lastupdate>1417182312</lastupdate>
    </domainitem>

    <domainitem>
        <domain>qisdo.com</domain>
        <lastupdate>1429264552</lastupdate>
    </domainitem>

    <domainitem>
        <domain>qoika.com</domain>
        <lastupdate>1417182343</lastupdate>
    </domainitem>

    <domainitem>
        <domain>sector2.org</domain>
        <lastupdate>1374141211</lastupdate>
    </domainitem>

    <domainitem>
        <domain>secure-mail.cn</domain>
        <lastupdate>1394101750</lastupdate>
    </domainitem>

    <domainitem>
        <domain>spamday.com</domain>
        <lastupdate>1344605015</lastupdate>
    </domainitem>

    <domainitem>
        <domain>spamkill.info</domain>
        <lastupdate>1333111452</lastupdate>
    </domainitem>

    <domainitem>
        <domain>spaml.com</domain>
        <lastupdate>1333113133</lastupdate>
    </domainitem>

    <domainitem>
        <domain>tilien.com</domain>
        <lastupdate>1333114149</lastupdate>
    </domainitem>

    <domainitem>
        <domain>trashinbox.com</domain>
        <lastupdate>1333111349</lastupdate>
    </domainitem>

    <domainitem>
        <domain>wegwerf-email.de</domain>
        <lastupdate>1362995614</lastupdate>
    </domainitem>

    <domainitem>
        <domain>yxzx.net</domain>
        <lastupdate>1333112090</lastupdate>
    </domainitem>

    <domainitem>
        <domain>zetmail.com</domain>
        <lastupdate>1417182325</lastupdate>
    </domainitem>

    <domainitem>
        <domain>vsimcard.com</domain>
        <lastupdate>1367504040</lastupdate>
    </domainitem>

    <domainitem>
        <domain>wasteland.rfc822.org</domain>
        <lastupdate>1288477118</lastupdate>
    </domainitem>

    <domainitem>
        <domain>weg-werf-email.de</domain>
        <lastupdate>1370699787</lastupdate>
    </domainitem>

    <domainitem>
        <domain>wegwerf-email.net</domain>
        <lastupdate>1270458034</lastupdate>
    </domainitem>

    <domainitem>
        <domain>wegwerfemail.com</domain>
        <lastupdate>1256174323</lastupdate>
    </domainitem>

    <domainitem>
        <domain>wegwerfemail.de</domain>
        <lastupdate>1271897844</lastupdate>
    </domainitem>

    <domainitem>
        <domain>wh4f.org</domain>
        <lastupdate>1287603583</lastupdate>
    </domainitem>

    <domainitem>
        <domain>willhackforfood.biz</domain>
        <lastupdate>1352040649</lastupdate>
    </domainitem>

    <domainitem>
        <domain>whyspam.me</domain>
        <lastupdate>1296010272</lastupdate>
    </domainitem>

    <domainitem>
        <domain>wolfsmail.tk</domain>
        <lastupdate>1359985676</lastupdate>
    </domainitem>

    <domainitem>
        <domain>wolfsmails.tk</domain>
        <lastupdate>1373897608</lastupdate>
    </domainitem>

    <domainitem>
        <domain>x.ip6.li</domain>
        <lastupdate>1373043710</lastupdate>
    </domainitem>

    <domainitem>
        <domain>cool.fr.nf</domain>
        <lastupdate>1334099087</lastupdate>
    </domainitem>

    <domainitem>
        <domain>courriel.fr.nf</domain>
        <lastupdate>1334099108</lastupdate>
    </domainitem>

    <domainitem>
        <domain>jetable.fr.nf</domain>
        <lastupdate>1334099020</lastupdate>
    </domainitem>

    <domainitem>
        <domain>mega.zik.dj</domain>
        <lastupdate>1334099059</lastupdate>
    </domainitem>

    <domainitem>
        <domain>moncourrier.fr.nf</domain>
        <lastupdate>1334099222</lastupdate>
    </domainitem>

    <domainitem>
        <domain>monemail.fr.nf</domain>
        <lastupdate>1334099232</lastupdate>
    </domainitem>

    <domainitem>
        <domain>monmail.fr.nf</domain>
        <lastupdate>1334099240</lastupdate>
    </domainitem>

    <domainitem>
        <domain>nomail.xl.cx</domain>
        <lastupdate>1334099043</lastupdate>
    </domainitem>

    <domainitem>
        <domain>nospam.ze.tc</domain>
        <lastupdate>1334099034</lastupdate>
    </domainitem>

    <domainitem>
        <domain>speed.1s.fr</domain>
        <lastupdate>1334099070</lastupdate>
    </domainitem>

    <domainitem>
        <domain>yopmail.com</domain>
        <lastupdate>1261508700</lastupdate>
    </domainitem>

    <domainitem>
        <domain>yopmail.fr</domain>
        <lastupdate>1334098912</lastupdate>
    </domainitem>

    <domainitem>
        <domain>yopmail.net</domain>
        <lastupdate>1314121535</lastupdate>
    </domainitem>

    <domainitem>
        <domain>youmailr.com</domain>
        <lastupdate>1261508675</lastupdate>
    </domainitem>

    <domainitem>
        <domain>zehnminuten.de</domain>
        <lastupdate>1274883080</lastupdate>
    </domainitem>

    <domainitem>
        <domain>zehnminutenmail.de</domain>
        <lastupdate>1314121316</lastupdate>
    </domainitem>
</domainlist>